Workbook

Sheet SƠ ĐỒ BÀN
A1: SƠ ĐỒ SẮP XẾP BÀN & VỊ TRÍ KHÁCH MỜI – 56 CHỖ NGỒI
A4: Nhập họ tên tại sheet “DANH SÁCH KHÁCH” → tên tự hiển thị tại số ghế trên sơ đồ. Có thể in khổ A3 ngang.
A5: MẶT ĐƯỜNG LÊ ĐỨC THỌ
A8: KHU BUFFET | S8: LỐI VÀO | Z8: KHU BUFFET | CK8: KHU BUFFET VÀ KHÔNG GIAN KHÁC
Z14: GHẾ ĐỆM CÓ DỰA
AD17: 1 | AI17: 2 | AP17: 3 | AU17: 4 | BE17: 5 | BJ17: 6 | BT17: 7 | BY17: 8
A18: KHÔNG GIAN KHÁC | M18: VÁCH NGĂN | AD18: =IF('DANH SÁCH KHÁCH'!$C$11="","",'DANH SÁCH KHÁCH'!$C$11) -> Nguyễn Thị Thanh Nhàn | AI18: =IF('DANH SÁCH KHÁCH'!$C$12="","",'DANH SÁCH KHÁCH'!$C$12) -> Trương Thị Huyền Trang | AP18: =IF('DANH SÁCH KHÁCH'!$C$13="","",'DANH SÁCH KHÁCH'!$C$13) -> Phan Thị Hồng Hạnh | AU18: =IF('DANH SÁCH KHÁCH'!$C$14="","",'DANH SÁCH KHÁCH'!$C$14) -> Trịnh Ngọc Quang Anh | BE18: =IF('DANH SÁCH KHÁCH'!$C$15="","",'DANH SÁCH KHÁCH'!$C$15) -> Hoàng Thị Thu Hiền | BJ18: =IF('DANH SÁCH KHÁCH'!$C$16="","",'DANH SÁCH KHÁCH'!$C$16) -> Nguyễn Ngọc Huyền | BT18: =IF('DANH SÁCH KHÁCH'!$C$17="","",'DANH SÁCH KHÁCH'!$C$17) -> Nguyễn Lan Anh | BY18: =IF('DANH SÁCH KHÁCH'!$C$18="","",'DANH SÁCH KHÁCH'!$C$18) -> Nguyễn Thị Vân
AD21: B10 | AP21: B11 | BE21: B12 | BT21: B13
AD24: 16 | AI24: 15 | AP24: 14 | AU24: 13 | BE24: 12 | BJ24: 11 | BT24: 10 | BY24: 9
AD25: =IF('DANH SÁCH KHÁCH'!$C$26="","",'DANH SÁCH KHÁCH'!$C$26) -> Nguyễn Trung Anh | AI25: =IF('DANH SÁCH KHÁCH'!$C$25="","",'DANH SÁCH KHÁCH'!$C$25) -> Hồ Sỹ Ngọc | AP25: =IF('DANH SÁCH KHÁCH'!$C$24="","",'DANH SÁCH KHÁCH'!$C$24) -> Nguyễn Đình Phán | AU25: =IF('DANH SÁCH KHÁCH'!$C$23="","",'DANH SÁCH KHÁCH'!$C$23) -> Ngô Đình Mạnh | BE25: =IF('DANH SÁCH KHÁCH'!$C$22="","",'DANH SÁCH KHÁCH'!$C$22) -> Trần Thái Hạnh | BJ25: =IF('DANH SÁCH KHÁCH'!$C$21="","",'DANH SÁCH KHÁCH'!$C$21) -> Đoàn Mạnh Văn | BT25: =IF('DANH SÁCH KHÁCH'!$C$20="","",'DANH SÁCH KHÁCH'!$C$20) -> Phan Tiến Dũng | BY25: =IF('DANH SÁCH KHÁCH'!$C$19="","",'DANH SÁCH KHÁCH'!$C$19) -> Nguyễn Ngọc Anh
M29: BACKDROP | W29: 33 | AC29: 34 | AI29: 35 | AP29: 17 | AV29: 18 | BB29: 19 | BH29: 20 | BR29: 25 | BV29: 26 | BZ29: 27 | CD29: 28
W30: =IF('DANH SÁCH KHÁCH'!$C$43="","",'DANH SÁCH KHÁCH'!$C$43) -> Nguyễn Hải Đăng | AC30: =IF('DANH SÁCH KHÁCH'!$C$44="","",'DANH SÁCH KHÁCH'!$C$44) -> Chu Thị Hồ Loan | AI30: =IF('DANH SÁCH KHÁCH'!$C$45="","",'DANH SÁCH KHÁCH'!$C$45) -> Hoàng Minh Thu | AP30: =IF('DANH SÁCH KHÁCH'!$C$27="","",'DANH SÁCH KHÁCH'!$C$27) -> Phạm Sơn | AV30: =IF('DANH SÁCH KHÁCH'!$C$28="","",'DANH SÁCH KHÁCH'!$C$28) -> Nguyễn Thị Minh Hồng | BB30: =IF('DANH SÁCH KHÁCH'!$C$29="","",'DANH SÁCH KHÁCH'!$C$29) -> Trần Thanh Hương | BH30: =IF('DANH SÁCH KHÁCH'!$C$30="","",'DANH SÁCH KHÁCH'!$C$30) -> Lê Thùy Linh | BR30: =IF('DANH SÁCH KHÁCH'!$C$35="","",'DANH SÁCH KHÁCH'!$C$35) -> Bùi Văn Thung | BV30: =IF('DANH SÁCH KHÁCH'!$C$36="","",'DANH SÁCH KHÁCH'!$C$36) -> Trương Thị Thanh Hà | BZ30: =IF('DANH SÁCH KHÁCH'!$C$37="","",'DANH SÁCH KHÁCH'!$C$37) -> Nguyễn Thu Hà | CD30: =IF('DANH SÁCH KHÁCH'!$C$38="","",'DANH SÁCH KHÁCH'!$C$38) -> Kiều Đức Quảng
W34: BÀN GHÉP | AP34: BÀN DÀI BẰNG GỖ | BR34: 2 BÀN GHÉP
W38: 38 | AC38: 37 | AI38: 36 | AP38: 24 | AV38: 23 | BB38: 22 | BH38: 21 | BR38: 32 | BV38: 31 | BZ38: 30 | CD38: 29
W39: =IF('DANH SÁCH KHÁCH'!$C$48="","",'DANH SÁCH KHÁCH'!$C$48) -> Phạm Văn Tùng | AC39: =IF('DANH SÁCH KHÁCH'!$C$47="","",'DANH SÁCH KHÁCH'!$C$47) -> Trần Văn Chung | AI39: =IF('DANH SÁCH KHÁCH'!$C$46="","",'DANH SÁCH KHÁCH'!$C$46) -> Trần Đức Trung | AP39: =IF('DANH SÁCH KHÁCH'!$C$34="","",'DANH SÁCH KHÁCH'!$C$34) -> Nguyễn Đức Giang | AV39: =IF('DANH SÁCH KHÁCH'!$C$33="","",'DANH SÁCH KHÁCH'!$C$33) -> Lê Xuân Giang | BB39: =IF('DANH SÁCH KHÁCH'!$C$32="","",'DANH SÁCH KHÁCH'!$C$32) -> Nguyễn Thanh Hải | BH39: =IF('DANH SÁCH KHÁCH'!$C$31="","",'DANH SÁCH KHÁCH'!$C$31) -> Nguyễn Duy Trọng | BR39: =IF('DANH SÁCH KHÁCH'!$C$42="","",'DANH SÁCH KHÁCH'!$C$42) -> Bùi Hoàng Duy | BV39: =IF('DANH SÁCH KHÁCH'!$C$41="","",'DANH SÁCH KHÁCH'!$C$41) -> Nguyễn Tiến Mạnh | BZ39: =IF('DANH SÁCH KHÁCH'!$C$40="","",'DANH SÁCH KHÁCH'!$C$40) -> Phạm Văn Nam | CD39: =IF('DANH SÁCH KHÁCH'!$C$39="","",'DANH SÁCH KHÁCH'!$C$39) -> Khuất Duy Thành
M43: VÁCH NGĂN | V43: 39 | AB43: 40 | AH43: 41 | AS43: 45 | AY43: 46 | BE43: 47 | BR43: 51 | BX43: 52 | CD43: 53
V44: =IF('DANH SÁCH KHÁCH'!$C$49="","",'DANH SÁCH KHÁCH'!$C$49) -> Trần Trung Thành | AB44: =IF('DANH SÁCH KHÁCH'!$C$50="","",'DANH SÁCH KHÁCH'!$C$50) -> Đỗ Hồng Phong | AH44: =IF('DANH SÁCH KHÁCH'!$C$51="","",'DANH SÁCH KHÁCH'!$C$51) -> Đinh Thị Quỳnh Hoa | AS44: =IF('DANH SÁCH KHÁCH'!$C$55="","",'DANH SÁCH KHÁCH'!$C$55) -> Nguyễn Thị Việt Hằng | AY44: =IF('DANH SÁCH KHÁCH'!$C$56="","",'DANH SÁCH KHÁCH'!$C$56) -> Phạm Thị Hồng Minh | BE44: =IF('DANH SÁCH KHÁCH'!$C$57="","",'DANH SÁCH KHÁCH'!$C$57) -> Đỗ Thị Thu Hằng | BR44: =IF('DANH SÁCH KHÁCH'!$C$61="","",'DANH SÁCH KHÁCH'!$C$61) -> Quang Duy | BX44: =IF('DANH SÁCH KHÁCH'!$C$62="","",'DANH SÁCH KHÁCH'!$C$62) -> Tiến Dũng | CD44: =IF('DANH SÁCH KHÁCH'!$C$63="","",'DANH SÁCH KHÁCH'!$C$63) -> Trần Thu Hằng
V48: 2 BÀN GHÉP | AS48: 2 BÀN GHÉP | BR48: 2 BÀN GHÉP
V51: 44 | AB51: 43 | AH51: 42 | AS51: 50 | AY51: 49 | BE51: 48 | BR51: 56 | BX51: 55 | CD51: 54
V52: =IF('DANH SÁCH KHÁCH'!$C$54="","",'DANH SÁCH KHÁCH'!$C$54) -> Nguyễn Hương Mai | AB52: =IF('DANH SÁCH KHÁCH'!$C$53="","",'DANH SÁCH KHÁCH'!$C$53) -> Dương Hải Vũ | AH52: =IF('DANH SÁCH KHÁCH'!$C$52="","",'DANH SÁCH KHÁCH'!$C$52) -> Nguyễn Thị Thúy Nga | AS52: =IF('DANH SÁCH KHÁCH'!$C$60="","",'DANH SÁCH KHÁCH'!$C$60) -> PB | AY52: =IF('DANH SÁCH KHÁCH'!$C$59="","",'DANH SÁCH KHÁCH'!$C$59) -> TB | BE52: =IF('DANH SÁCH KHÁCH'!$C$58="","",'DANH SÁCH KHÁCH'!$C$58) -> PB | BR52: =IF('DANH SÁCH KHÁCH'!$C$66="","",'DANH SÁCH KHÁCH'!$C$66) -> Đinh Hồng Quang | BX52: =IF('DANH SÁCH KHÁCH'!$C$65="","",'DANH SÁCH KHÁCH'!$C$65) -> Cao Thanh Hoa | CD52: =IF('DANH SÁCH KHÁCH'!$C$64="","",'DANH SÁCH KHÁCH'!$C$64) -> Lý Vĩnh Hưng
A55: BÀN CHẮN, NGĂN CÁCH KHU BÊN CẠNH | S55: CỬA RA VÀO NỐI KHU VIEW CÂY XANH | Z55: CỬA KÍNH NHÌN RA NỘI KHU | CD55: CỬA RA VÀO NỐI KHU VIEW CÂY XANH

Sheet DANH SÁCH KHÁCH
A1: DANH SÁCH KHÁCH MỜI – 56 CHỖ NGỒI
A3: Điền HỌ VÀ TÊN tại các ô xanh nhạt (cột C); tên sẽ tự hiển thị lên sơ đồ tương ứng số ghế.
A6: TỔNG SỐ GHẾ | C6: ĐÃ ĐIỀN TÊN | E6: CÒN TRỐNG | F6: NGƯỜI CẦN KIỂM TRA
A7: 56 | C7: =COUNTIF(C11:C66,"?*") -> 56 | E7: =56-COUNTIF(C11:C66,"?*") -> 0 | F7: 45, 46, 47
A8: Lưu ý: tên 3 khách ở ghế 45–47 được nhập lại từ ảnh chụp; vui lòng kiểm tra tên/chính tả trước khi sử dụng.
A10: STT | B10: SỐ GHẾ | C10: HỌ VÀ TÊN KHÁCH | D10: ĐƠN VỊ / BỘ PHẬN | E10: BÀN / KHU VỰC | F10: GHI CHÚ | G10: TRẠNG THÁI
A11: 1 | B11: 1 | C11: Nguyễn Thị Thanh Nhàn | E11: B10 – Ghế đệm | G11: =IF(C11="","CHƯA XẾP","ĐÃ XẾP") -> ĐÃ XẾP
A12: 2 | B12: 2 | C12: Trương Thị Huyền Trang | E12: B10 – Ghế đệm | G12: =IF(C12="","CHƯA XẾP","ĐÃ XẾP") -> ĐÃ XẾP
A13: 3 | B13: 3 | C13: Phan Thị Hồng Hạnh | E13: B11 – Ghế đệm | G13: =IF(C13="","CHƯA XẾP","ĐÃ XẾP") -> ĐÃ XẾP
A14: 4 | B14: 4 | C14: Trịnh Ngọc Quang Anh | E14: B11 – Ghế đệm | G14: =IF(C14="","CHƯA XẾP","ĐÃ XẾP") -> ĐÃ XẾP
A15: 5 | B15: 5 | C15: Hoàng Thị Thu Hiền | E15: B12 – Ghế đệm | G15: =IF(C15="","CHƯA XẾP","ĐÃ XẾP") -> ĐÃ XẾP
A16: 6 | B16: 6 | C16: Nguyễn Ngọc Huyền | E16: B12 – Ghế đệm | G16: =IF(C16="","CHƯA XẾP","ĐÃ XẾP") -> ĐÃ XẾP
A17: 7 | B17: 7 | C17: Nguyễn Lan Anh | E17: B13 – Ghế đệm | G17: =IF(C17="","CHƯA XẾP","ĐÃ XẾP") -> ĐÃ XẾP
A18: 8 | B18: 8 | C18: Nguyễn Thị Vân | E18: B13 – Ghế đệm | G18: =IF(C18="","CHƯA XẾP","ĐÃ XẾP") -> ĐÃ XẾP
A19: 9 | B19: 9 | C19: Nguyễn Ngọc Anh | E19: B13 – Ghế đệm | G19: =IF(C19="","CHƯA XẾP","ĐÃ XẾP") -> ĐÃ XẾP
A20: 10 | B20: 10 | C20: Phan Tiến Dũng | E20: B13 – Ghế đệm | G20: =IF(C20="","CHƯA XẾP","ĐÃ XẾP") -> ĐÃ XẾP
A21: 11 | B21: 11 | C21: Đoàn Mạnh Văn | E21: B12 – Ghế đệm | G21: =IF(C21="","CHƯA XẾP","ĐÃ XẾP") -> ĐÃ XẾP
A22: 12 | B22: 12 | C22: Trần Thái Hạnh | E22: B12 – Ghế đệm | G22: =IF(C22="","CHƯA XẾP","ĐÃ XẾP") -> ĐÃ XẾP
... A66: 56 | B66: 56 | C66: Đinh Hồng Quang | E66: 2 bàn ghép – Dưới phải | G66: =IF(C66="","CHƯA XẾP","ĐÃ XẾP") -> ĐÃ XẾP
